Workbook

Sheet Data entry
A1: Date | B1: Rep | C1: Product | D1: Amount | E1: Month
A2: 46025 | B2: Anna | C2: A | D2: 300 | E2: =MONTH(A2)
A3: 46057 | B3: Ben | C3: B | D3: 337 | E3: =MONTH(A3)
A4: 46086 | B4: Chris | C4: A | D4: 374 | E4: =MONTH(A4)
A5: 46118 | B5: Anna | C5: B | D5: 411 | E5: =MONTH(A5)
A6: 46149 | B6: Ben | C6: A | D6: 448 | E6: =MONTH(A6)
A7: 46181 | B7: Chris | C7: B | D7: 485 | E7: =MONTH(A7)
A8: 46031 | B8: Anna | C8: A | D8: 522 | E8: =MONTH(A8)
A9: 46063 | B9: Ben | C9: B | D9: 559 | E9: =MONTH(A9)
A10: 46092 | B10: Chris | C10: A | D10: 596 | E10: =MONTH(A10)
A11: 46124 | B11: Anna | C11: B | D11: 633 | E11: =MONTH(A11)
A12: 46155 | B12: Ben | C12: A | D12: 670 | E12: =MONTH(A12)
A13: 46187 | B13: Chris | C13: B | D13: 707 | E13: =MONTH(A13)
... A19: 46193 | B19: Chris | C19: B | D19: 929 | E19: =MONTH(A19)

Sheet Dashboard
A1: Month | B1: Target | C1: Actual | D1: % of target | E1: YTD actual | F1: Status
A2: Jan | B2: 2000 | C2: =SUMIFS('Data entry'!$D$2:$D$500,'Data entry'!$E$2:$E$500,1) | D2: =IF(B2=0,0,C2/B2) | E2: =SUM($C$2:C2) | F2: =IF(D2>=1,"On target",IF(D2>=0.8,"Close","Behind"))
A3: Feb | B3: 2000 | C3: =SUMIFS('Data entry'!$D$2:$D$500,'Data entry'!$E$2:$E$500,2) | D3: =IF(B3=0,0,C3/B3) | E3: =SUM($C$2:C3) | F3: =IF(D3>=1,"On target",IF(D3>=0.8,"Close","Behind"))
A4: Mar | B4: 2000 | C4: =SUMIFS('Data entry'!$D$2:$D$500,'Data entry'!$E$2:$E$500,3) | D4: =IF(B4=0,0,C4/B4) | E4: =SUM($C$2:C4) | F4: =IF(D4>=1,"On target",IF(D4>=0.8,"Close","Behind"))
A5: Apr | B5: 2000 | C5: =SUMIFS('Data entry'!$D$2:$D$500,'Data entry'!$E$2:$E$500,4) | D5: =IF(B5=0,0,C5/B5) | E5: =SUM($C$2:C5) | F5: =IF(D5>=1,"On target",IF(D5>=0.8,"Close","Behind"))
A6: May | B6: 2000 | C6: =SUMIFS('Data entry'!$D$2:$D$500,'Data entry'!$E$2:$E$500,5) | D6: =IF(B6=0,0,C6/B6) | E6: =SUM($C$2:C6) | F6: =IF(D6>=1,"On target",IF(D6>=0.8,"Close","Behind"))
A7: Jun | B7: 2000 | C7: =SUMIFS('Data entry'!$D$2:$D$500,'Data entry'!$E$2:$E$500,6) | D7: =IF(B7=0,0,C7/B7) | E7: =SUM($C$2:C7) | F7: =IF(D7>=1,"On target",IF(D7>=0.8,"Close","Behind"))
A8: Jul | B8: 2000 | C8: =SUMIFS('Data entry'!$D$2:$D$500,'Data entry'!$E$2:$E$500,7) | D8: =IF(B8=0,0,C8/B8) | E8: =SUM($C$2:C8) | F8: =IF(D8>=1,"On target",IF(D8>=0.8,"Close","Behind"))
A9: Aug | B9: 2000 | C9: =SUMIFS('Data entry'!$D$2:$D$500,'Data entry'!$E$2:$E$500,8) | D9: =IF(B9=0,0,C9/B9) | E9: =SUM($C$2:C9) | F9: =IF(D9>=1,"On target",IF(D9>=0.8,"Close","Behind"))
A10: Sep | B10: 2000 | C10: =SUMIFS('Data entry'!$D$2:$D$500,'Data entry'!$E$2:$E$500,9) | D10: =IF(B10=0,0,C10/B10) | E10: =SUM($C$2:C10) | F10: =IF(D10>=1,"On target",IF(D10>=0.8,"Close","Behind"))
A11: Oct | B11: 2000 | C11: =SUMIFS('Data entry'!$D$2:$D$500,'Data entry'!$E$2:$E$500,10) | D11: =IF(B11=0,0,C11/B11) | E11: =SUM($C$2:C11) | F11: =IF(D11>=1,"On target",IF(D11>=0.8,"Close","Behind"))
A12: Nov | B12: 2000 | C12: =SUMIFS('Data entry'!$D$2:$D$500,'Data entry'!$E$2:$E$500,11) | D12: =IF(B12=0,0,C12/B12) | E12: =SUM($C$2:C12) | F12: =IF(D12>=1,"On target",IF(D12>=0.8,"Close","Behind"))
A13: Dec | B13: 2000 | C13: =SUMIFS('Data entry'!$D$2:$D$500,'Data entry'!$E$2:$E$500,12) | D13: =IF(B13=0,0,C13/B13) | E13: =SUM($C$2:C13) | F13: =IF(D13>=1,"On target",IF(D13>=0.8,"Close","Behind"))
